Region,Region_Code,Year,Temperature_C,Precipitation_mm,Sunshine_hours
Baden-Wuerttemberg,R05,1991,8.22,763.4,1742.6
Baden-Wuerttemberg,R05,1992,9.12,985.9,1605.0
Baden-Wuerttemberg,R05,1993,8.57,988.0,1591.3
Baden-Wuerttemberg,R05,1994,9.88,1062.0,1576.5
Baden-Wuerttemberg,R05,1994,9.88,1062.0,1576.5
Baden-Wuerttemberg,R05,1995,8.77,1154.4,1525.8
Baden-Wuerttemberg,R05,1996,7.42,885.0mm,1612.0
Baden-Wuerttemberg,R05,1997,8.81,858.1,1789.7
Baden-Wuerttemberg,R05,1998,8.92,998.6,1615.8
Baden-Wuerttemberg,R05,1999,9.05,1158.8,1597.0
Baden-Wuerttemberg,R05,2000,9.71,1025.7,
Baden-Wuerttemberg,R05,2001,9.0,1184.0,1651.1
Baden-Wuerttemberg,R05,2002,9.55,1231.6,1628.2
Baden-Wuerttemberg,R05,2003,9.45,707.1,2108.2
Baden-Wuerttemberg,R05,2004,8.7,927.8,1658.4
Baden-Wuerttemberg,R05,2005,8.6,913.0,1749.9
Baden-Wuerttemberg,R05,2006,9.19,972.2,1838.1
Baden-Wuerttemberg,R05,2007,9.47,1049.6,1851.2
Baden-Wuerttemberg,R05,2008,9.08,933.7,1692.2
Baden-Wuerttemberg,R05,2009,9.0,968.1,1729.8
Baden-Wuerttemberg,R05,2010,7.93,999.7,1581.7
Baden-Wuerttemberg,R05,2011,9.64,812.0,1983.2
Baden-Wuerttemberg,R05,2012,9.08,977.2,1832.2
Baden-Wuerttemberg,R05,2013,8.56,987.7,1532.9
Baden-Wuerttemberg,R05,2014,10.14,875.4,1666.7
Baden-Wuerttemberg,R05,2015,9.89,732.0,1861.6
Baden-Wuerttemberg,R05,2016,9.29,954.9,1644.9
Baden-Wuerttemberg,R05,2017,9.4,957.1,1814.6
Baden-Wuerttemberg,R05,2018,10.38,765.0,2021.2
Baden-Wuerttemberg,R05,2019,9.87,932.6,1932.5
Baden-Wuerttemberg,R05,2020,10.24,816.0,2050.0
Baden-Wuerttemberg,R05,2021,8.83,980.9,1805.2
Baden-Wuerttemberg,R05,2022,10.59,839.7,2176.3
Baden-Wuerttemberg,R05,2023,10.69,1019.3,1846.4
Baden-Wuerttemberg,R05,2024,10.56,1068.9,1654.0
Bayern,R01,1991,7.44,808.3,1670.5
Bayern,R01,1992,8.6,947.4,1572.9
Bayern,R01,1993,7.97,1007.7,1604.0
Bayern,R01,1994,9.35,956.4,1645.4
Bayern,R01,1995,8.14,1111.8mm,1479.5
Bayern,R01,1996,6.7,866.3,1523.1
Bayern,R01,1997,8.14,837.4,1733.4
Bayern,R01,1998,8.41,1013.4,1559.5
Bayern,R01,1999,8.48,1052.5,1587.3
Bayern,R01,2000,9.12,1045.7,1618.2
Bayern,R01,2001,8.32,1116.0,1608.2
Bayern,R01,2002,8.98,1230.0,1631.9
Bayern,R01,2003,8.76,690.0,2064.8
Bayern,R01,2004,8.17,912.6,1648.9
Bayern,R01,2005,7.97,956.6,1729.0
Bayern,R01,2006,8.55,909.3,1832.3
Bayern,R01,2007,9.05,1075.4,
Bayern,R01,2008,8.73,882.1,1709.1
Bayern,R01,2009,8.45,967.4,1683.8
Bayern,R01,2010,7.34,1001.1,1543.4
Bayern,R01,2011,8.91,860.3,1928.1
Bayern,R01,2012,8.53,927.0,1790.8
Bayern,R01,2013,8.1,933.3,1502.3
Bayern,R01,2014,9.6,821.7,1613.0
Bayern,R01,2015,9.43,744.0,1783.6
Bayern,R01,2016,8.88,923.3,1617.2
Bayern,R01,2017,8.83,968.1,1749.2
Bayern,R01,2018,9.89,757.3,2026.0
Bayern,R01,2019,9.5,860.5,1904.9
Bayern,R01,2020,9.48,861.0mm,1967.5
Bayern,R01,2021,8.31,962.8,1779.2
Bayern,R01,2022,9.9,817.6,2055.3
Bayern,R01,2023,10.06,1044.6,1852.1
Bayern,R01,2024,10.27,1070.4,1717.2
Deutschland,DE,1991,8.35,644.5,1679.1
Deutschland,DE,1992,9.37,796.0,1623.3
Deutschland,DE,1993,8.47,885.7,1539.1
Deutschland,DE,1994,9.7,890.6,1612.0
Deutschland,DE,1995,8.9,877.5,1600.8
Deutschland,DE,1996,7.2,682.9,1503.6
Deutschland,DE,1997,8.89,714.1,1721.7
Deutschland,DE,1998,9.06,919.7,1437.9
Deutschland,DE,1999,9.49,838.0,1626.0
Deutschland,DE,2000,9.87,838.0,1546.0
Deutschland,DE,2001,9.02,928.8,1513.7
Deutschland,DE,2002,9.56,1018.1,1533.2
Deutschland,DE,2003,9.38,608.2,2013.7
Deutschland,DE,2004,8.94,811.9,1589.4
Deutschland,DE,2005,8.99,785.1,1742.5
Deutschland,DE,2006,9.54,750.0,1770.8
Deutschland,DE,2007,9.85,969.5,1691.5
Deutschland,DE,2008,9.48,778.3,1634.9
Deutschland,DE,2009,9.18,812.7,1685.8
Deutschland,DE,2010,7.85,868.5,1538.2
Deutschland,DE,2011,9.64,732.9,1847.4
Deutschland,DE,2012,9.09,767.5,1673.5
Deutschland,DE,2013,8.71,778.7,1507.6
Deutschland,DE,2014,10.33,727.1,1620.9
Deutschland,DE,2015,9.94,701.3,1742.6
Deutschland,DE,2016,9.55,733.1,1607.4
Deutschland,DE,2017,9.58,858.7,1596.1
Deutschland,DE,2018,10.45,586.3,2015.4
Deutschland,DE,2019,10.28,735.0,1834.2
Deutschland,DE,2020,10.43,704.9,1896.0
Deutschland,DE,2021,9.16,801.1,1631.2
Deutschland,DE,2022,10.52,669.1,2024.1
Deutschland,DE,2023,10.63,958.0,1753.1
Deutschland,DE,2024,10.89,901.6,1675.3
Nordrhein-Westfalen,R03,1991,9.01,734.7,1589.3
Nordrhein-Westfalen,R03,1992,9.97,916.9,1540.7
Nordrhein-Westfalen,R03,1993,9.08,1042.2,1488.6
Nordrhein-Westfalen,R03,1994,10.26,1006.6,1509.2
Nordrhein-Westfalen,R03,1995,9.77,874.9,1563.2
Nordrhein-Westfalen,R03,1996,7.93,733.1,1462.2
Nordrhein-Westfalen,R03,1997,9.65,778.9,1643.7
Nordrhein-Westfalen,R03,1998,9.69,1126.4,1268.8
Nordrhein-Westfalen,R03,1999,10.35,925.7,1593.7
Nordrhein-Westfalen,R03,2000,10.5,919.0,1415.1
Nordrhein-Westfalen,R03,2001,9.85,1001.9,1444.3
Nordrhein-Westfalen,R03,2002,10.28,1085.0,1430.1
Nordrhein-Westfalen,R03,2003,10.14,761.9,1974.2
Nordrhein-Westfalen,R03,2004,9.58,957.6,1498.8
Nordrhein-Westfalen,R03,2005,9.88,885.6,1647.4
Nordrhein-Westfalen,R03,2006,10.35,842.3,1664.7
Nordrhein-Westfalen,R03,2007,10.48,1128.2,1527.9
Nordrhein-Westfalen,R03,2008,9.87,851.4,1516.3
Nordrhein-Westfalen,R03,2009,9.81,877.9,1597.6
Nordrhein-Westfalen,R03,2010,8.43,870.0,1468.9
Nordrhein-Westfalen,R03,2011,10.38,753.8,1738.1
Nordrhein-Westfalen,R03,2012,9.66,816.5,1500.1
Nordrhein-Westfalen,R03,2013,9.2,720.9,1416.3
Nordrhein-Westfalen,R03,2014,10.95,820.1,1536.2
Nordrhein-Westfalen,R03,2015,10.35,835.0,1660.7
Nordrhein-Westfalen,R03,2016,10.11,770.7,1564.0
Nordrhein-Westfalen,R03,2017,10.31,875.3,1458.6
Nordrhein-Westfalen,R03,2018,11.02,617.7,1941.6
Nordrhein-Westfalen,R03,2019,10.74,815.0,1717.0
Nordrhein-Westfalen,R03,2020,11.13,740.7,1802.7
Nordrhein-Westfalen,R03,2021,9.79,840.7,1508.4
Nordrhein-Westfalen,R03,2022,11.21,715.8,1984.0
Nordrhein-Westfalen,R03,2023,11.23,1197.9,1652.9
Nordrhein-Westfalen,R03,2024,11.32,1028.3,1499.7
Sachsen,R02,1991,8.8,409.8,1728.3
Sachsen,R02,1992,9.91,595.9,1727.4
Sachsen,R02,1993,8.75,648.5,1642.5
Sachsen,R02,1994,9.97,721.7,1645.1
Sachsen,R02,1995,9.29,579.9,1600.3
Sachsen,R02,1996,7.28,499.0,1427.0
Sachsen,R02,1997,9.26,534.5,1728.6
Sachsen,R02,1998,9.59,637.0,1510.5
Sachsen,R02,1999,10.1,529.1,1595.4
Sachsen,R02,2000,10.39,570.3,1610.2
Sachsen,R02,2001,9.35,628.5,1464.1
Sachsen,R02,2002,9.7,751.6,1530.0
Sachsen,R02,2003,9.63,421.2,2031.2
Sachsen,R02,2004,9.34,582.4,1589.2
Sachsen,R02,2005,9.42,581.8,1798.6
Sachsen,R02,2006,10.02,478.2,1855.6
Sachsen,R02,2007,10.34,806.1,1714.5
Sachsen,R02,2008,10.01,593.3,1614.8
Sachsen,R02,2009,9.54,635.0,1644.9
Sachsen,R02,2010,7.99,750.8,1559.5
Sachsen,R02,2011,9.98,531.3,1987.4
Sachsen,R02,2012,9.44,540.4,1759.6
Sachsen,R02,2013,9.07,628.9,1481.3
Sachsen,R02,2014,10.68,550.5,1662.2
Sachsen,R02,2015,10.32,564.0,1854.8
Sachsen,R02,2016,10.08,484.6,1641.8
Sachsen,R02,2016,10.08,484.6,1641.8
Sachsen,R02,2017,10.03,635.2,1609.9
Sachsen,R02,2018,10.88,352.5,2030.6
Sachsen,R02,2019,10.93,485.5mm,1930.6
Sachsen,R02,2020,10.98,499.9,1902.5
Sachsen,R02,2021,9.63,582.4,1616.9
Sachsen,R02,2022,10.84,420.7,2002.6
Sachsen,R02,2023,11.02,735.0,1714.6
Sachsen,R02,2024,11.48,613.2,1830.1
Schleswig-Holstein,R04,1991,8.46,770.3,1665.0
Schleswig-Holstein,R04,1992,9.53,747.2,1675.4
Schleswig-Holstein,R04,1993,8.17,875.0,1459.0
Schleswig-Holstein,R04,1994,9.31,952.4,1672.0
Schleswig-Holstein,R04,1995,8.86,733.3,1815.7
Schleswig-Holstein,R04,1996,7.16,553.7,1589.6
Schleswig-Holstein,R04,1997,8.96,736.9mm,1745.3
Schleswig-Holstein,R04,1998,8.99,1041.4,
Schleswig-Holstein,R04,1999,9.65,836.1,1729.1
Schleswig-Holstein,R04,2000,9.81,699.2,1472.2
Schleswig-Holstein,R04,2001,8.85,899.8,1500.0
Schleswig-Holstein,R04,2002,9.62,1026.6,1548.7
Schleswig-Holstein,R04,2003,9.2,619.8,1948.1
Schleswig-Holstein,R04,2004,9.12,887.7,1584.2
Schleswig-Holstein,R04,2005,9.24,743.6,1823.6
Schleswig-Holstein,R04,2006,9.88,777.8,1676.5
Schleswig-Holstein,R04,2007,10.04,983.0,1652.9
Schleswig-Holstein,R04,2008,9.74,836.7,1708.8
Schleswig-Holstein,R04,2009,9.28,773.2,1791.5
Schleswig-Holstein,R04,2009,9.28,773.2,1791.5
Schleswig-Holstein,R04,2010,7.67,861.5,1578.8
Schleswig-Holstein,R04,2011,9.4,869.1,1649.9
Schleswig-Holstein,R04,2012,8.8,799.7,1555.6
Schleswig-Holstein,R04,2013,8.78,754.7,1623.2
Schleswig-Holstein,R04,2014,10.48,805.3,1692.2
Schleswig-Holstein,R04,2015,9.71,894.1,1637.8
Schleswig-Holstein,R04,2016,9.61,742.6,1573.2
Schleswig-Holstein,R04,2017,9.57,998.6,1499.0
Schleswig-Holstein,R04,2018,10.18,577.9,1947.6
Schleswig-Holstein,R04,2019,10.18,815.3,1676.5
Schleswig-Holstein,R04,2020,10.46,771.0,1850.2
Schleswig-Holstein,R04,2021,9.5,802.2,1554.9
Schleswig-Holstein,R04,2022,10.25,748.7,1933.9
Schleswig-Holstein,R04,2022,10.25,748.7,1933.9
Schleswig-Holstein,R04,2023,10.29,1027.7,1746.9
Schleswig-Holstein,R04,2024,10.77,961.7,1646.9
